﻿{
  "DidntUnderstandMessage": {
    "replies": [
      {
        "text": "对不起，没有明白你的意思。",
        "speak": "对不起，没有明白你的意思。"
      },
      {
        "text": "我没有明白你的意思，你能以不同的方式尝试吗？",
        "speak": "我没有明白你的意思，你能以不同的方式尝试吗？"
      },
      {
        "text": "你能以不同的方式说出来吗？",
        "speak": "你能以不同的方式说出来吗？"
      },
      {
        "text": "你能再试一次问我，我没听懂你的意思。",
        "speak": "你能再试一次问我，我没听懂你的意思。"
      }
    ],
    "inputHint": "acceptingInput"
  },
  "CancellingMessage": {
    "replies": [
      {
        "text": "当然，我们可以稍后再做。",
        "speak": "当然，我们可以稍后再做。"
      }
    ],
    "inputHint": "acceptingInput"
  },
  "NoAuth": {
    "replies": [
      {
        "text": "请登录，以便我采取进一步行动。",
        "speak": "请登录，以便我采取进一步行动。"
      }
    ],
    "inputHint": "expectingInput"
  },
  "AuthFailed": {
    "replies": [
      {
        "text": "您的登录失败，请稍后再试。",
        "speak": "您的登录失败，请稍后再试。"
      }
    ],
    "inputHint": "acceptingInput"
  },
  "ActionEnded": {
    "replies": [
      {
        "text": "还有什么需要我的帮助吗？",
        "speak": "还有什么需要我的帮助吗？"
      },
      {
        "text": "还有什么我可以帮你的吗？",
        "speak": "还有什么我可以帮你的吗？"
      },
      {
        "text": "还有什么想要采取行动吗？",
        "speak": "还有什么想要采取行动吗？"
      },
      {
        "text": "如果您需要我的帮助，请告诉我。",
        "speak": "如果您需要我的帮助，请告诉我。"
      },
      {
        "text": "如果你需要我的帮助，我就在这里。",
        "speak": "如果你需要我的帮助，我就在这里。"
      }
    ],
    "inputHint": "acceptingInput"
  },
  "ErrorMessage": {
    "replies": [
      {
        "text": "对不起，看起来出了问题！",
        "speak": "对不起，看起来出了问题！"
      },
      {
        "text": "发生错误，给我一些时间，稍后再试。",
        "speak": "发生错误，给我一些时间，稍后再试。"
      },
      {
        "text": "出了点问题，对不起！",
        "speak": "出了点问题，对不起！"
      },
      {
        "text": "我相信出了点问题。你稍后可以再试一次吗？",
        "speak": "我相信出了点问题。你稍后可以再试一次吗？"
      },
      {
        "text": "抱歉，我现在找不到你想要的东西。请稍后再试。",
        "speak": "抱歉，我现在找不到你想要的东西。请稍后再试。"
      }
    ],
    "inputHint": "acceptingInput"
  }
}
